{
  "precision": 0.6395655724100334,
  "recall": 0.5250813622008352,
  "mAP50": 0.6047855394944348,
  "mAP50_95": 0.481774955178353,
  "param_count": 3246132,
  "latency_ms": {
    "preprocess": 6.338437179494625,
    "inference": 1377.492393589737,
    "postprocess": 62.657435897434866
  },
  "bootstrap_mAP50": {
    "samples": 1000,
    "mean": 0.5517678260803223,
    "ci95_low": 0.30030596256256104,
    "ci95_high": 0.804237425327301
  }
}