{
  "0": 0.804237425327301,
  "1": 0.30030596256256104
}