{
  "precision": 0.0025662959794696323,
  "recall": 0.06593406593406594,
  "mAP50": 0.0003517151541467651,
  "mAP50_95": 0.00014361682170947122,
  "param_count": 3246132,
  "latency_ms": {
    "preprocess": 4.703671794867401,
    "inference": 761.5859435897434,
    "postprocess": 202.6962923076927
  },
  "bootstrap_mAP50": {
    "samples": 1000,
    "mean": 0.0033752580638974905,
    "ci95_low": 0.0,
    "ci95_high": 0.006764043588191271
  }
}