{
  "0": 0.36717450618743896,
  "1": 0.1576242297887802
}