{
  "precision": 0.5220457873972413,
  "recall": 0.3669005740753193,
  "mAP50": 0.4359515117169429,
  "mAP50_95": 0.35401843188313137,
  "param_count": 3182904,
  "latency_ms": {
    "preprocess": 3.0741628205503675,
    "inference": 215.56467435901803,
    "postprocess": 3.118817948770578
  },
  "bootstrap_mAP50": {
    "samples": 1000,
    "mean": 0.2621898055076599,
    "ci95_low": 0.1576242297887802,
    "ci95_high": 0.36717450618743896
  }
}